{
  "processed_count": 3225,
  "success_count": 3225,
  "error_count": 0,
  "current_index": 3225,
  "failed_urls": [],
  "timestamp": "2025-05-22T17:08:08.160188",
  "elapsed_time": 2230.9780073165894
}